Tweets	Country	Compound	Analysis
let some stuff sink in for a moment: 1/ The rockets created by Hamas are homemade 2/israel denies vaccine to theâ€¦ 	ES	-0.2023	Negative
 let some stuff sink in for a moment: 1/ The rockets created by Hamas are homemade 2/israel deniesâ€¦ 	ES	0.25	Positive
 Doesn't even matter what kind of vaccine they are giving, am getting it for the view	ES	0.3239	Positive
"""Vaccinated Travelers Will Be Allowed to Visit, E.U. Says"" by Matina Stevis-Gridneff via NYT  "	ES	0.0	Neutral
"""Why So Many People Are Resisting Vaccination"" by Nina Burleigh via NYT  "	ES	0.0	Neutral
"""Can the Covid Vaccine Protect Me Against Virus Variants?"" by Tara Parker-Pope via NYT  "	ES	0.3818	Positive
_precious Lmaaaoo nah it's fine it's not even that painfull , btw what vaccine will you take i mean by which country it was made ?	ES	0.1027	Positive
   The longer the period the greater the plight of the Palestinians. The time comesâ€¦ 	ES	0.3612	Positive
CDC says 600,000 kids ages 12 to 15 have received Covid vaccine shots in last week: The CDC said Tuesday that 600,0â€¦ 	ES	0.0	Neutral
 How about you send word to israel to stop the mass murdering is Palestine instead? I think that will save moâ€¦ 	ES	-0.5106	Negative
"""An abrupt U.S. change on mask guidance has set off a confusing scramble for states and cities."" by Mitch Smith, Beâ€¦ "	ES	-0.2263	Negative
 Im sure you read the news articles...but the stories literally say they contracted it in the two week winâ€¦ 	ES	0.3182	Positive
"""WeWorkâ€™s C.E.O. says â€˜least engagedâ€™ employees enjoy working from home."" by Bryan Pietsch via NYTâ€¦ "	ES	0.4939	Positive
"""â€˜We have all longed for this momentâ€™: Federal guidance says vaccinated Americans may go without masks."" by Roni Caâ€¦ "	ES	0.0	Neutral
"""Ohio Lottery to Give 5 People $1 Million Each to Encourage Vaccination"" by Neil Vigdor and Azi Paybarah via NYTâ€¦ "	ES	0.5106	Positive
  Wether itâ€™s true or not, i read possible rejections of people on airlines who have gotten aâ€¦ 	ES	0.6546	Positive
I had only one thought in my mind while listening to the new j cole album: man, shut the fuck up	ES	-0.5423	Negative
_j Animals, baby killers , our time has come to fuck Israel	ES	-0.8316	Negative
It's official. It's gonna be J. Cole  playing in the car all summer. friendship ended with JVLIVS II. Now The Off Sâ€¦ 	ES	0.5719	Positive
 _ chkon kalk jâ€™accepte les incrustes	ES	0.0	Neutral
 This (made by Mr. _j ) explains how i feel rn 	ES	0.0	Neutral
Yall clowning j cole...but the joke is on yall. He's living his dream. Stats don't really matter.	ES	0.4421	Positive
       â€¦ 	ES	0.0	Neutral
"""A â€˜Community for Allâ€™? Not So Fast, This Wisconsin County Says."" by Reid J. Epstein via NYT  "	ES	0.0	Neutral
 _  j begayer ?	ES	0.0	Neutral
  _ Wallah jâ€™le bz	ES	0.1027	Positive
tatted up, mini skirt, w my j's on	ES	0.0	Neutral
a big announcement in #GoogleIO #multimodelModel, finally we are ready to build kind of  J.A.R.V.I.S (watch iron maâ€¦ 	ES	0.3612	Positive
 Ih d l groupe ur mouthen ara BTS khedmen asen tribute negh sample j c po 	ES	-0.5574	Negative
 You are a babie   /j	ES	0.0	Neutral
Damn a lot of rap songs to include,J Coleâ€™s latest freestyle 	ES	-0.25	Negative
last time i listened to j cole it was his dead presidents cover	ES	-0.6486	Negative
_twt Omg I wanted to live another normal day but BLOND J HOPE Is making it hard for me ,he looks so good thatâ€¦ 	ES	0.8876	Positive
My mood these days: _ j'ai pas l'envie welah_ jssp , aucune idÃ©e_ okay as u like _ not now maybe next time	ES	0.5267	Positive
j- I vote for _twt for #BBMAsTopSocial	ES	0.0	Neutral
#FreePalaestine #GazaUnderAttackk#IsraelTerrorismThe occupation army is dropping poisonous gases into Palestinianâ€¦ 	ES	-0.5719	Negative
#FreePalaestine #GazaUnderAttackk The occupation army is dropping poisonous gases into Palestinian homes in Gaza.â€¦ 	ES	-0.5719	Negative
_twmade  Elon is selling since the 62k ath do you really think he would create fud make it go lowerâ€¦ 	ES	0.0	Neutral
J- I vote for _twt for #BBMAsTopSocial	ES	0.0	Neutral
@_electricsouul_ Ar quand j'ai vu l'introduction de module i said damn thats interesting apres ki chaft bli fiha laâ€¦ 	ES	0.0	Neutral
Tbh the only thing missing in this J.cole tape is logic producing a song. He's been been going crazy with sampled bâ€¦ 	ES	-0.5574	Negative
 JIâ€™m voting for #SelenaGomez as #ArtistaFemininaInternacional and #13ReasonsWhy asâ€¦ 	ES	0.0	Neutral
 .â€Œ   âˆ§ï¼¿âˆ§ã€€ ï¼ˆï½¡ï½¥Ï‰ï½¥ï½¡)ã¤â”ãƒ»*âŠ‚ã€€ã€€ ãƒ ã€€ã€€ã€€ãƒ».    ã—ãƒ¼ï¼ªã€€ã€€ã€€Â°ã€‚+ *Â´Â¨)ã€€ã€€ã€€ã€€ã€€ ã€€ã€€ã€€.Â· Â¸.Â·*Â´Â¨) Â¸.Â·Â¨) ã€€ã€€ã€€ã€€ã€€ã€€ã€€ã€€ã€€ã€€(Â¸.(Â¸â€¦ 	ES	0.0	Neutral
 _twt .â€Œ   âˆ§ï¼¿âˆ§ã€€ ï¼ˆï½¡ï½¥Ï‰ï½¥ï½¡)ã¤â”ãƒ»*âŠ‚ã€€ã€€ ãƒ ã€€ã€€ã€€ãƒ».    ã—ãƒ¼ï¼ªã€€ã€€ã€€Â°ã€‚+ *Â´Â¨)ã€€ã€€ã€€ã€€ã€€ ã€€ã€€ã€€.Â· Â¸.Â·*Â´Â¨) Â¸.Â·Â¨)â€¦ 	ES	0.0	Neutral
  jul &gt; j. cole	ES	0.0	Neutral
 _notinterested  Well, hamas leaders didn't just wake up some day and said we wanna start aâ€¦ 	ES	0.2732	Positive
_seb don't know shit about j cole but the fact that the album is about 40 minutes is a goodthinh, too much +1â€¦ 	ES	0.2411	Positive
When are we gonna talk about how hard j cole went on AMARI 	ES	-0.1027	Negative
I-No Dust combo j.D j.K j.H dj j.P j.H j.HH 194 dmg.Last j.H must be input after hit stop of previous j.H.#GGST_IN 	ES	-0.296	Negative
 : j'ai les yeux marron : I have brown eyes : 3iniya marron besah f chems ywelo vert welah	ES	0.0	Neutral
_Luth_Pier  The J EWS.	ES	0.0	Neutral
10000.â€Œ   âˆ§ï¼¿âˆ§ã€€ ï¼ˆï½¡ï½¥Ï‰ï½¥ï½¡)ã¤â”ãƒ»*âŠ‚ã€€ã€€ ãƒ ã€€ã€€ã€€ãƒ».    ã—ãƒ¼ï¼ªã€€ã€€ã€€Â°ã€‚+ *Â´Â¨)ã€€ã€€ã€€ã€€ã€€ ã€€ã€€ã€€.Â· Â¸.Â·*Â´Â¨) Â¸.Â·Â¨) ã€€ã€€ã€€ã€€ã€€ã€€ã€€ã€€ã€€ã€€(Â¸.(Â¸.Â·â€™*â˜†â€¦ 	ES	0.0	Neutral
99999.â€Œ   âˆ§ï¼¿âˆ§ã€€ ï¼ˆï½¡ï½¥Ï‰ï½¥ï½¡)ã¤â”ãƒ»*âŠ‚ã€€ã€€ ãƒ ã€€ã€€ã€€ãƒ».    ã—ãƒ¼ï¼ªã€€ã€€ã€€Â°ã€‚+ *Â´Â¨)ã€€ã€€ã€€ã€€ã€€ ã€€ã€€ã€€.Â· Â¸.Â·*Â´Â¨) Â¸.Â·Â¨) ã€€ã€€ã€€ã€€ã€€ã€€ã€€ã€€ã€€ã€€(Â¸.(Â¸.Â·â€™*â˜†â€¦ 	ES	0.0	Neutral
8888888.â€Œ   âˆ§ï¼¿âˆ§ã€€ ï¼ˆï½¡ï½¥Ï‰ï½¥ï½¡)ã¤â”ãƒ»*âŠ‚ã€€ã€€ ãƒ ã€€ã€€ã€€ãƒ».    ã—ãƒ¼ï¼ªã€€ã€€ã€€Â°ã€‚+ *Â´Â¨)ã€€ã€€ã€€ã€€ã€€ ã€€ã€€ã€€.Â· Â¸.Â·*Â´Â¨) Â¸.Â·Â¨) ã€€ã€€ã€€ã€€ã€€ã€€ã€€ã€€ã€€ã€€(Â¸.(Â¸.Â·â€™*â˜†â€¦ 	ES	0.0	Neutral
7777777.â€Œ   âˆ§ï¼¿âˆ§ã€€ ï¼ˆï½¡ï½¥Ï‰ï½¥ï½¡)ã¤â”ãƒ»*âŠ‚ã€€ã€€ ãƒ ã€€ã€€ã€€ãƒ».    ã—ãƒ¼ï¼ªã€€ã€€ã€€Â°ã€‚+ *Â´Â¨)ã€€ã€€ã€€ã€€ã€€ ã€€ã€€ã€€.Â· Â¸.Â·*Â´Â¨) Â¸.Â·Â¨) ã€€ã€€ã€€ã€€ã€€ã€€ã€€ã€€ã€€ã€€(Â¸.(Â¸.Â·â€™*â˜†â€¦ 	ES	0.0	Neutral
666666.â€Œ   âˆ§ï¼¿âˆ§ã€€ ï¼ˆï½¡ï½¥Ï‰ï½¥ï½¡)ã¤â”ãƒ»*âŠ‚ã€€ã€€ ãƒ ã€€ã€€ã€€ãƒ».    ã—ãƒ¼ï¼ªã€€ã€€ã€€Â°ã€‚+ *Â´Â¨)ã€€ã€€ã€€ã€€ã€€ ã€€ã€€ã€€.Â· Â¸.Â·*Â´Â¨) Â¸.Â·Â¨) ã€€ã€€ã€€ã€€ã€€ã€€ã€€ã€€ã€€ã€€(Â¸.(Â¸.Â·â€™*â˜†â€¦ 	ES	0.0	Neutral
5555555.â€Œ   âˆ§ï¼¿âˆ§ã€€ ï¼ˆï½¡ï½¥Ï‰ï½¥ï½¡)ã¤â”ãƒ»*âŠ‚ã€€ã€€ ãƒ ã€€ã€€ã€€ãƒ».    ã—ãƒ¼ï¼ªã€€ã€€ã€€Â°ã€‚+ *Â´Â¨)ã€€ã€€ã€€ã€€ã€€ ã€€ã€€ã€€.Â· Â¸.Â·*Â´Â¨) Â¸.Â·Â¨) ã€€ã€€ã€€ã€€ã€€ã€€ã€€ã€€ã€€ã€€(Â¸.(Â¸.Â·â€™*â˜†â€¦ 	ES	0.0	Neutral
44444.â€Œ   âˆ§ï¼¿âˆ§ã€€ ï¼ˆï½¡ï½¥Ï‰ï½¥ï½¡)ã¤â”ãƒ»*âŠ‚ã€€ã€€ ãƒ ã€€ã€€ã€€ãƒ».    ã—ãƒ¼ï¼ªã€€ã€€ã€€Â°ã€‚+ *Â´Â¨)ã€€ã€€ã€€ã€€ã€€ ã€€ã€€ã€€.Â· Â¸.Â·*Â´Â¨) Â¸.Â·Â¨) ã€€ã€€ã€€ã€€ã€€ã€€ã€€ã€€ã€€ã€€(Â¸.(Â¸.Â·â€™*â˜†â€¦ 	ES	0.0	Neutral
333333.â€Œ   âˆ§ï¼¿âˆ§ã€€ ï¼ˆï½¡ï½¥Ï‰ï½¥ï½¡)ã¤â”ãƒ»*âŠ‚ã€€ã€€ ãƒ ã€€ã€€ã€€ãƒ».    ã—ãƒ¼ï¼ªã€€ã€€ã€€Â°ã€‚+ *Â´Â¨)ã€€ã€€ã€€ã€€ã€€ ã€€ã€€ã€€.Â· Â¸.Â·*Â´Â¨) Â¸.Â·Â¨) ã€€ã€€ã€€ã€€ã€€ã€€ã€€ã€€ã€€ã€€(Â¸.(Â¸.Â·â€™*â˜†â€¦ 	ES	0.0	Neutral
222.â€Œ   âˆ§ï¼¿âˆ§ã€€ ï¼ˆï½¡ï½¥Ï‰ï½¥ï½¡)ã¤â”ãƒ»*âŠ‚ã€€ã€€ ãƒ ã€€ã€€ã€€ãƒ».    ã—ãƒ¼ï¼ªã€€ã€€ã€€Â°ã€‚+ *Â´Â¨)ã€€ã€€ã€€ã€€ã€€ ã€€ã€€ã€€.Â· Â¸.Â·*Â´Â¨) Â¸.Â·Â¨) ã€€ã€€ã€€ã€€ã€€ã€€ã€€ã€€ã€€ã€€(Â¸.(Â¸.Â·â€™*â˜†:Bâ€¦ 	ES	0.0	Neutral
1.â€Œ   âˆ§ï¼¿âˆ§ã€€ ï¼ˆï½¡ï½¥Ï‰ï½¥ï½¡)ã¤â”ãƒ»*âŠ‚ã€€ã€€ ãƒ ã€€ã€€ã€€ãƒ».    ã—ãƒ¼ï¼ªã€€ã€€ã€€Â°ã€‚+ *Â´Â¨)ã€€ã€€ã€€ã€€ã€€ ã€€ã€€ã€€.Â· Â¸.Â·*Â´Â¨) Â¸.Â·Â¨) ã€€ã€€ã€€ã€€ã€€ã€€ã€€ã€€ã€€ã€€(Â¸.(Â¸.Â·â€™*â˜†:BTSâ€¦ 	ES	0.0	Neutral
333.â€Œ   âˆ§ï¼¿âˆ§ã€€ ï¼ˆï½¡ï½¥Ï‰ï½¥ï½¡)ã¤â”ãƒ»*âŠ‚ã€€ã€€ ãƒ ã€€ã€€ã€€ãƒ».    ã—ãƒ¼ï¼ªã€€ã€€ã€€Â°ã€‚+ *Â´Â¨)ã€€ã€€ã€€ã€€ã€€ ã€€ã€€ã€€.Â· Â¸.Â·*Â´Â¨) Â¸.Â·Â¨) ã€€ã€€ã€€ã€€ã€€ã€€ã€€ã€€ã€€ã€€(Â¸.(Â¸.Â·â€™*â˜†:Bâ€¦ 	ES	0.0	Neutral
.â€Œ   âˆ§ï¼¿âˆ§ã€€ ï¼ˆï½¡ï½¥Ï‰ï½¥ï½¡)ã¤â”ãƒ»*âŠ‚ã€€ã€€ ãƒ ã€€ã€€ã€€ãƒ».    ã—ãƒ¼ï¼ªã€€ã€€ã€€Â°ã€‚+ *Â´Â¨)ã€€ã€€ã€€ã€€ã€€ ã€€ã€€ã€€.Â· Â¸.Â·*Â´Â¨) Â¸.Â·Â¨) ã€€ã€€ã€€ã€€ã€€ã€€ã€€ã€€ã€€ã€€(Â¸.(Â¸.Â·â€™*â˜†:BTS Sâ€¦ 	ES	0.0	Neutral
44.â€Œ   âˆ§ï¼¿âˆ§ã€€ ï¼ˆï½¡ï½¥Ï‰ï½¥ï½¡)ã¤â”ãƒ»*âŠ‚ã€€ã€€ ãƒ ã€€ã€€ã€€ãƒ».    ã—ãƒ¼ï¼ªã€€ã€€ã€€Â°ã€‚+ *Â´Â¨)ã€€ã€€ã€€ã€€ã€€ ã€€ã€€ã€€.Â· Â¸.Â·*Â´Â¨) Â¸.Â·Â¨) ã€€ã€€ã€€ã€€ã€€ã€€ã€€ã€€ã€€ã€€(Â¸.(Â¸.Â·â€™*â˜†:BTâ€¦ 	ES	0.0	Neutral
55555.â€Œ   âˆ§ï¼¿âˆ§ã€€ ï¼ˆï½¡ï½¥Ï‰ï½¥ï½¡)ã¤â”ãƒ»*âŠ‚ã€€ã€€ ãƒ ã€€ã€€ã€€ãƒ».    ã—ãƒ¼ï¼ªã€€ã€€ã€€Â°ã€‚+ *Â´Â¨)ã€€ã€€ã€€ã€€ã€€ ã€€ã€€ã€€.Â· Â¸.Â·*Â´Â¨) Â¸.Â·Â¨) ã€€ã€€ã€€ã€€ã€€ã€€ã€€ã€€ã€€ã€€(Â¸.(Â¸.Â·â€™*â˜†â€¦ 	ES	0.0	Neutral
6.â€Œ   âˆ§ï¼¿âˆ§ã€€ ï¼ˆï½¡ï½¥Ï‰ï½¥ï½¡)ã¤â”ãƒ»*âŠ‚ã€€ã€€ ãƒ ã€€ã€€ã€€ãƒ».    ã—ãƒ¼ï¼ªã€€ã€€ã€€Â°ã€‚+ *Â´Â¨)ã€€ã€€ã€€ã€€ã€€ ã€€ã€€ã€€.Â· Â¸.Â·*Â´Â¨) Â¸.Â·Â¨) ã€€ã€€ã€€ã€€ã€€ã€€ã€€ã€€ã€€ã€€(Â¸.(Â¸.Â·â€™*â˜†:BTSâ€¦ 	ES	0.0	Neutral
666666666.â€Œ   âˆ§ï¼¿âˆ§ã€€ ï¼ˆï½¡ï½¥Ï‰ï½¥ï½¡)ã¤â”ãƒ»*âŠ‚ã€€ã€€ ãƒ ã€€ã€€ã€€ãƒ».    ã—ãƒ¼ï¼ªã€€ã€€ã€€Â°ã€‚+ *Â´Â¨)ã€€ã€€ã€€ã€€ã€€ ã€€ã€€ã€€.Â· Â¸.Â·*Â´Â¨) Â¸.Â·Â¨) ã€€ã€€ã€€ã€€ã€€ã€€ã€€ã€€ã€€ã€€(Â¸.(Â¸.Â·â€™*â€¦ 	ES	0.0	Neutral
7.â€Œ   âˆ§ï¼¿âˆ§ã€€ ï¼ˆï½¡ï½¥Ï‰ï½¥ï½¡)ã¤â”ãƒ»*âŠ‚ã€€ã€€ ãƒ ã€€ã€€ã€€ãƒ».    ã—ãƒ¼ï¼ªã€€ã€€ã€€Â°ã€‚+ *Â´Â¨)ã€€ã€€ã€€ã€€ã€€ ã€€ã€€ã€€.Â· Â¸.Â·*Â´Â¨) Â¸.Â·Â¨) ã€€ã€€ã€€ã€€ã€€ã€€ã€€ã€€ã€€ã€€(Â¸.(Â¸.Â·â€™*â˜†:BTSâ€¦ 	ES	0.0	Neutral
8.â€Œ   âˆ§ï¼¿âˆ§ã€€ ï¼ˆï½¡ï½¥Ï‰ï½¥ï½¡)ã¤â”ãƒ»*âŠ‚ã€€ã€€ ãƒ ã€€ã€€ã€€ãƒ».    ã—ãƒ¼ï¼ªã€€ã€€ã€€Â°ã€‚+ *Â´Â¨)ã€€ã€€ã€€ã€€ã€€ ã€€ã€€ã€€.Â· Â¸.Â·*Â´Â¨) Â¸.Â·Â¨) ã€€ã€€ã€€ã€€ã€€ã€€ã€€ã€€ã€€ã€€(Â¸.(Â¸.Â·â€™*â˜†:BTSâ€¦ 	ES	0.0	Neutral
9.â€Œ   âˆ§ï¼¿âˆ§ã€€ ï¼ˆï½¡ï½¥Ï‰ï½¥ï½¡)ã¤â”ãƒ»*âŠ‚ã€€ã€€ ãƒ ã€€ã€€ã€€ãƒ».    ã—ãƒ¼ï¼ªã€€ã€€ã€€Â°ã€‚+ *Â´Â¨)ã€€ã€€ã€€ã€€ã€€ ã€€ã€€ã€€.Â· Â¸.Â·*Â´Â¨) Â¸.Â·Â¨) ã€€ã€€ã€€ã€€ã€€ã€€ã€€ã€€ã€€ã€€(Â¸.(Â¸.Â·â€™*â˜†:BTSâ€¦ 	ES	0.0	Neutral
 BT21.â€Œ   âˆ§ï¼¿âˆ§ã€€ ï¼ˆï½¡ï½¥Ï‰ï½¥ï½¡)ã¤â”ãƒ»*âŠ‚ã€€ã€€ ãƒ ã€€ã€€ã€€ãƒ».    ã—ãƒ¼ï¼ªã€€ã€€ã€€Â°ã€‚+ *Â´Â¨)ã€€ã€€ã€€ã€€ã€€ ã€€ã€€ã€€.Â· Â¸.Â·*Â´Â¨) Â¸.Â·Â¨) ã€€ã€€ã€€ã€€ã€€ã€€ã€€ã€€ã€€ã€€(â€¦ 	ES	0.0	Neutral
 Jion Kooky.â€Œ   âˆ§ï¼¿âˆ§ã€€ ï¼ˆï½¡ï½¥Ï‰ï½¥ï½¡)ã¤â”ãƒ»*âŠ‚ã€€ã€€ ãƒ ã€€ã€€ã€€ãƒ».    ã—ãƒ¼ï¼ªã€€ã€€ã€€Â°ã€‚+ *Â´Â¨)ã€€ã€€ã€€ã€€ã€€ ã€€ã€€ã€€.Â· Â¸.Â·*Â´Â¨) Â¸.Â·Â¨)â€¦ 	ES	0.0	Neutral
 Park Chimmy.â€Œ   âˆ§ï¼¿âˆ§ã€€ ï¼ˆï½¡ï½¥Ï‰ï½¥ï½¡)ã¤â”ãƒ»*âŠ‚ã€€ã€€ ãƒ ã€€ã€€ã€€ãƒ».    ã—ãƒ¼ï¼ªã€€ã€€ã€€Â°ã€‚+ *Â´Â¨)ã€€ã€€ã€€ã€€ã€€ ã€€ã€€ã€€.Â· Â¸.Â·*Â´Â¨) Â¸.Â·Â¨)â€¦ 	ES	0.0	Neutral
 Kim TaTa.â€Œ   âˆ§ï¼¿âˆ§ã€€ ï¼ˆï½¡ï½¥Ï‰ï½¥ï½¡)ã¤â”ãƒ»*âŠ‚ã€€ã€€ ãƒ ã€€ã€€ã€€ãƒ».    ã—ãƒ¼ï¼ªã€€ã€€ã€€Â°ã€‚+ *Â´Â¨)ã€€ã€€ã€€ã€€ã€€ ã€€ã€€ã€€.Â· Â¸.Â·*Â´Â¨) Â¸.Â·Â¨)â€¦ 	ES	0.0	Neutral
 JUNG Mang.â€Œ   âˆ§ï¼¿âˆ§ã€€ ï¼ˆï½¡ï½¥Ï‰ï½¥ï½¡)ã¤â”ãƒ»*âŠ‚ã€€ã€€ ãƒ ã€€ã€€ã€€ãƒ».    ã—ãƒ¼ï¼ªã€€ã€€ã€€Â°ã€‚+ *Â´Â¨)ã€€ã€€ã€€ã€€ã€€ ã€€ã€€ã€€.Â· Â¸.Â·*Â´Â¨) Â¸.Â·Â¨)â€¦ 	ES	0.0	Neutral
 KIM RJ.â€Œ   âˆ§ï¼¿âˆ§ã€€ ï¼ˆï½¡ï½¥Ï‰ï½¥ï½¡)ã¤â”ãƒ»*âŠ‚ã€€ã€€ ãƒ ã€€ã€€ã€€ãƒ».    ã—ãƒ¼ï¼ªã€€ã€€ã€€Â°ã€‚+ *Â´Â¨)ã€€ã€€ã€€ã€€ã€€ ã€€ã€€ã€€.Â· Â¸.Â·*Â´Â¨) Â¸.Â·Â¨)â€¦ 	ES	0.0	Neutral
 KIM Koya.â€Œ   âˆ§ï¼¿âˆ§ã€€ ï¼ˆï½¡ï½¥Ï‰ï½¥ï½¡)ã¤â”ãƒ»*âŠ‚ã€€ã€€ ãƒ ã€€ã€€ã€€ãƒ».    ã—ãƒ¼ï¼ªã€€ã€€ã€€Â°ã€‚+ *Â´Â¨)ã€€ã€€ã€€ã€€ã€€ ã€€ã€€ã€€.Â· Â¸.Â·*Â´Â¨) Â¸.Â·Â¨)â€¦ 	ES	0.0	Neutral
 .â€Œ   âˆ§ï¼¿âˆ§ã€€ ï¼ˆï½¡ï½¥Ï‰ï½¥ï½¡)ã¤â”ãƒ»*âŠ‚ã€€ã€€ ãƒ ã€€ã€€ã€€ãƒ».    ã—ãƒ¼ï¼ªã€€ã€€ã€€Â°ã€‚+ *Â´Â¨)ã€€ã€€ã€€ã€€ã€€ ã€€ã€€ã€€.Â· Â¸.Â·*Â´Â¨) Â¸.Â·Â¨) ã€€ã€€ã€€ã€€ã€€ã€€ã€€ã€€ã€€ã€€(Â¸.(Â¸.Â·â€™*â˜†â€¦ 	ES	0.0	Neutral
 .â€Œ   âˆ§ï¼¿âˆ§ã€€ ï¼ˆï½¡ï½¥Ï‰ï½¥ï½¡)ã¤â”ãƒ»*âŠ‚ã€€ã€€ ãƒ ã€€ã€€ã€€ãƒ».    ã—ãƒ¼ï¼ªã€€ã€€ã€€Â°ã€‚+ *Â´Â¨)ã€€ã€€ã€€ã€€ã€€ ã€€ã€€ã€€.Â· Â¸.Â·*Â´Â¨) Â¸.Â·Â¨) ã€€ã€€ã€€ã€€ã€€ã€€ã€€ã€€ã€€ã€€(Â¸.â€¦ 	ES	0.0	Neutral
Beat selection in this J.cole tape is crazy...the sampling is so on point .	ES	0.0	Neutral
J'ai un TD demain we are getting back to our normal life so quick	ES	0.0	Neutral
     â€œUntil the lion learns how to write, every story will glorify thâ€¦ 	ES	0.5719	Positive
" _duwailah â€œUntil the lion learns how to write, every story will glorify the hunter."" ~ J. Nozipo Maraire"	ES	0.5719	Positive
Best Anji Dust combo.Good damage, consistent, works on everyone (delay 1st j.H on small characters)#GGST_AN #GGST 	ES	0.25	Positive
Dok ywelou les snap t3 pizza mayonnaise ou selecto had sif j vais hiberner g dar hta yrohou 	ES	0.0	Neutral
Best Anji Dust combo I could find:5[D] delay j.H j.D j.S dj j.S j.HH204 damage.#GGST #GGST_AN 	ES	0.4404	Positive
Take heed to everything John Johnson telling you. 	ES	0.0	Neutral
 If Johnson is a sack of custard... He must be a sa k of Creme Anglaise	ES	0.0	Neutral
BREAKING: Prime Minister Boris Johnson has announced that due to the new Indian covid variant people will now be ofâ€¦ 	ES	0.0	Neutral
 Like Johnson ğŸ¤”	ES	0.3612	Positive
 +Nike &amp; Johnson 	ES	0.0	Neutral
 A lil jab huh 	ES	0.0	Neutral
 Brb making a bot that QTs you every time you say something that isn't 2011-era tumblr approved	ES	-0.3252	Negative
 Biden administration approved $735 million arms sale to IsraelWhat an attempt to calm the situation !!!!!!!!â€¦ 	ES	0.7405	Positive
Because the Israeli weapons are not enough to massacre more civilians, the Biden administration has approved the saâ€¦ 	ES	-0.0258	Negative
"""academic study"" aka approved by politically biased fart huffing intellectuals "	ES	0.5106	Positive
_1007  IF IT IS IN YOUR SCRIPTURE THEN YOUR GOD APPROVED IT.PERIOD.	ES	0.7481	Positive
  Lol that ainâ€™t no good point ! First of all, that Â«Â tiny speckÂ Â» is #Palestine , the other Â«â€¦ 	ES	0.5848	Positive
If GET /sss is being reflected in the location header as location: domain.tld/sss ( response header injection ) U mâ€¦ 	ES	0.0	Neutral
 Try taking meds or an injection like I usually do	ES	0.3612	Positive
UK covid vaccine certificate for Travel.  #OrihuelaCosta #CostaBlanca	ES	0.0	Neutral
  Classic stupidity.The vaccinated continue to wear masks as, yes they can still possiblâ€¦ 	ES	0.4019	Positive
Facebook said it would stop recommending anti-vaccine groups. ItÂ didnâ€™t. 	ES	-0.296	Negative
As we emerge from travel lockdowns, Governments are providing digital evidence of vaccine status. I donâ€™t like it tâ€¦ 	ES	0.3612	Positive
Global ports are now closing the doors for Indian crews and ships. Companies demand the vaccine of workers and sailâ€¦ 	ES	-0.128	Negative
8 COVID Vaccine Myths and How to DebunkÂ Them 	ES	0.0	Neutral
Dr. Fauci gets blunt on COVID-19 vaccine boosterÂ shots 	ES	0.0	Neutral
 Congratulations! I should be joining you (in vaccine status, I mean, not in location) on 26 May.	ES	0.636	Positive
VACCINE NEWSPuig confirms that vaccination for over 30s will begin in JulyLink  for more iâ€¦ 	ES	0.0	Neutral
 Still good today! Hope you are sailing serenely in the same post-vaccine boat! â¤ï¸	ES	0.7494	Positive
 JUST THINKING THERE IS ABOUT 150,000 THAT DIDN'T GET THE CHANCE OF A VACCINE THANKS TO THE  CHIEF PROCRASTINATOR DE'PIFFLE-WAFFLE	ES	0.3293	Positive
Just reading now a 3rd dose of the vaccine is recommend and then one every year after that. Will this be EVERYONE?â€¦ 	ES	0.3612	Positive
Covid: Essential workers will have vaccine mix  #COVID19 	ES	0.0	Neutral
In my country the people from my age will be the last to get the vaccine, at least the most vulnerable people got iâ€¦ 	ES	-0.2944	Negative
Just talking to my mom and friends about this vaccine, I feel like they made Us the Lab Ratsâ€¦.. idk Iâ€™m just scaredâ€¦ 	ES	0.6369	Positive
I've just had my first COVID vaccine jab.Feeling wonderful!  	ES	0.6114	Positive
Check out the Fact Sheet - make your own mind up.If Vaccine Passports are inevitable, which is the least invasiveâ€¦ 	ES	0.0	Neutral
#tech #technology #news The World Loses Under Bill Gatesâ€™ Vaccine Colonialism 	ES	-0.3182	Negative
_FGreen  Does being a left wing group which you are suggesting Independent Sage is, mean your medicâ€¦ 	ES	0.0	Neutral
Covid: Vaccine mix is safe  #COVID19 	ES	0.4404	Positive
Possibly, but taking too long to put India on the red list did not help and then taking almost a week  to implementâ€¦ 	ES	-0.438	Negative
 Reyes Maroto said that, thanks to the UKâ€™s vaccine roll-out and declining infection rate, the testingâ€¦ 	ES	0.4404	Positive
VACCINE NEWSPortal del Clot opens as vaccination point next weekLink  for more informationâ€¦ 	ES	0.0	Neutral
  Well if you all have your vaccine, how does their choice affect you?	ES	0.2732	Positive
73 and still waiting for 1st vaccine: I am worried that my 73 year old husband is not being included in the vaccineâ€¦ 	ES	-0.296	Negative
Today I was accused of being an #AntiVax #CovidiotTonight I am filling my car and disinfecting it so a friend canâ€¦ 	ES	0.4435	Positive
Axios On HBO: Rev. Franklin Graham on Trump and the COVID-19 Vaccine (Clip) | HBO  	ES	0.0	Neutral
 are you talking about the same vaccine that you have taken you and your fellas !	ES	0.0	Neutral
VACCINE NEWSVaccination begins for people in 51-59 age groupLink  for more informationâ€¦ 	ES	0.0	Neutral
Creating a drama as ever. On Fri got SMS with vaccine appointment. Today phone was nicked. Was asked to show phoneâ€¦ 	ES	0.296	Positive
Traceable #Thermometer Fits CDC Recommendations for #COVID #Vaccine Storage #poscosecha #postcosecha #postharvestâ€¦ 	ES	0.0	Neutral
Assessment of Length and Readability of Informed Consent Documents for COVID-19 Vaccine Trials -	ES	0.2263	Positive
 Agreed, itâ€™s a devastating time for our industry. Iâ€™m an American in Spain ( and a travel agent) andâ€¦ 	ES	-0.4939	Negative
There are many examples like this but the point is this: your risks from Covid in EVERY bad outcome are way higherâ€¦ 	ES	-0.7684	Negative
The vaccine hasnâ€™t killed anyone. If youâ€™re under age 65 and you get Covid, it *probably* wonâ€™t kill you, but it miâ€¦ 	ES	-0.6808	Negative
For adults, this is a very good way of looking at it. If you donâ€™t get the vaccine, sooner or later youâ€™ll probablyâ€¦ 	ES	0.4927	Positive
Fyi my At Risk parents live and pay taxes in Spain but haven't been called for the vaccine yet.	ES	-0.09	Negative
A gripping read on the sometimes subtle difference between IP mechanism and the key role that technology transfer pâ€¦ 	ES	0.0	Neutral
Reaching â€˜Herd Immunityâ€™ Is Unlikely in the U.S., Experts Now Believe 	ES	0.2023	Positive
  You forget no one wants a vaccine passport or any documentary evidence they exist. 	ES	-0.4767	Negative
Delaying a COVID vaccineâ€™s second dose boosts immune response 	ES	0.5423	Positive
 There are going to be many mutations &amp; varients, some more harmful than others. It's up to vaccine developâ€¦ 	ES	0.0	Neutral
 Very interesting to see how even during this pandemic the geostrategic chess board has not stopped:â€¦ 	ES	0.4576	Positive
Covid: Vaccine cocktail triples side effects  #COVID19 	ES	0.0	Neutral
Thromboembolism and the Oxford-AstraZeneca vaccine | The BMJ 	ES	0.0	Neutral
 Dude, I keep watching worse and worse news regarding India, how are things where you are, and have you had a vaccine yet?	ES	-0.7351	Negative
"how do i tell my parents that pretending to have a comorbidity to get the vaccine isnt funny nor is it ""diskarte"" ? :)"	ES	0.2486	Positive
 The vaccine is the cause of the virus inside complete healthy persons.     Remember nobody will give anâ€¦ 	ES	0.4019	Positive
_kr Oh god Lesley I'm guessing they will probably say we cant work in hospitality unless we have had the vâ€¦ 	ES	0.2732	Positive
_kr but I'm weird...I dont want the vaccine. But I dont want a load of tourists around me at work if I'vâ€¦ 	ES	-0.1695	Negative
 It's the side effects that are slowing you down. I told you that should never have had the jab, but you wouldn't listen.	ES	0.0	Neutral
 My husband had zero side effects	ES	0.0	Neutral
  @_RedQueenEffect  bestie, 3 ticks a year is already too much! /j 	ES	0.0	Neutral
Orgull Doneu-li amor a !! 	ES	0.6792	Positive
_J_Smith _UK  Hopefully this is a positive sign of change at _Group . I complained many tâ€¦ 	ES	0.5574	Positive
 OH DAMMIT &lt;:(I expected half Archer now I'm dissapointed  /j	ES	0.0	Neutral
     _tweets  â€¦ 	ES	0.0	Neutral
 Oh, it's ok then you don't have to buy anything if you can't/don't want to!But bullying is assured.. /j /j	ES	0.6615	Positive
 /j/ /j/j /jI KNOW REDD CN BE WAY BETTER INTO THAT WITH FILBERT DWWSDGVHDFGHG	ES	0.5622	Positive
YOU HEARD GABRIEL BUY FROM MY STORE NOW OR I'LL BULLY YOU  /j /j /j 	ES	-0.6037	Negative
THIS IS A HUGE /J BTWJust because he is so hard to draw and sometimes I hate his head for that djjdjdk..	ES	-0.3681	Negative
i j wanna close my eyes and never wake up tonight	ES	0.0	Neutral
 Hmm... yes bitch. Didnâ€™t you know?	ES	-0.2732	Negative
       you should have received a coâ€¦ 	ES	0.0	Neutral
       Thanks David!	ES	0.4926	Positive
_kuligowski       Congrats to the team!!!!	ES	0.6776	Positive
       Yes, we are looking into thosâ€¦ 	ES	0.4019	Positive
 Hmm... switch azul de una	ES	0.0	Neutral
It's taken a while, but...  applied to non-invasive monitoring of the #newbornâ€¦ 	ES	0.0	Neutral
 _J Exacto, you never know	ES	0.0	Neutral
_j Cuz theyâ€™re fucking NUTS MEGHAN	ES	-0.5149	Negative
Gold donâ€™t QUIT!!    on Fire!!!!@_de_NBA_J   #PacersWin 	ES	0.0	Neutral
_alfarra Deliberately targeting places of learning. Despicable.	ES	0.0	Neutral
   Crack!	ES	0.0	Neutral
_music       â€¦ 	ES	0.0	Neutral
_Sarrio  Wait	ES	0.0	Neutral
''Where is the background Drafty?'' it has not! ''what happened to the dark blue lineart?'' there is none anymoreâ€¦ 	ES	0.0	Neutral
 _Lo_ZeppeIi _EN I know, but money is quite easyer to farm than cubes	ES	0.0	Neutral
 i swear. he's been on hiatus since FEBRUARY. it is now MID-MAY. it's past time for j-y-p to cut the shit.	ES	0.4019	Positive
Explore our real-time analytics developed for the  control and safety of nuclear âš¡ power plants.  #videoanalytics	ES	0.4215	Positive
_J Estupideces de attention whores.	ES	-0.6124	Negative
 he scary. scary terry /j	ES	-0.7506	Negative
[ On our blog] # Exterior perimeter security systems # The early detection of intrusions to the exterior of a faciâ€¦ 	ES	0.34	Positive
Our analytics for thermal imaging cameras are capable of ï¸ detecting temperature fluctuations and  fire in criticâ€¦ 	ES	0.0516	Positive
In addition to solutions for large spaces, our analytics also respond to the needs of ï¸ perimeter surveillance inâ€¦ 	ES	0.1779	Positive
Sentinel Embedded for AXIS Cameras is an advanced in-camera video analytics system for  perimeter surveillance. Avâ€¦ 	ES	0.25	Positive
[ On our blog] # What is a thermal camera, and how does it work? # A thermal camera is a device that creates imageâ€¦ 	ES	0.2732	Positive
[ On our blog] # Why you need a video analytics software # Video analytics software offers a series of advantagesâ€¦ 	ES	0.0	Neutral
Explore our real-time analytics specifically developed for the  control and security of  ports and  maritime andâ€¦ 	ES	0.34	Positive
[ On our blog] # Applications of thermographic cameras per sector # The latest advances in video analytics have tuâ€¦ 	ES	0.0	Neutral
[ On our blog] # Fire detection in forest environments # One of the most feared threats in natural environments arâ€¦ 	ES	-0.7559	Negative
Our video analytics is capable of ï¸ detecting defects and conductivity problems in solar â˜€ï¸ panels. For this we haâ€¦ 	ES	-0.4215	Negative
[ On our blog] # Industrial security cameras: types and characteristics # What are their main differences, includiâ€¦ 	ES	0.34	Positive
A significant number of households of the Amazon do not have wastewater collection and treatment facilities. Couldâ€¦ 	ES	0.4215	Positive
 DATOS Jâ€¢30#VCFfemRealBetis 1ï¸âƒ£âš”2ï¸âƒ£â–ª 3ï¸âƒ£Â° gol âš½ï¸ de  este cursoâ–ª1ï¸âƒ£0ï¸âƒ£Âª con 3ï¸âƒ£7ï¸âƒ£ puntosâ€¦ 	ES	0.0	Neutral
The Song of the day (Follow me on Facebook &amp; Instagram) Juan Valencia &amp; Matt J. - El GaiteroVisitâ€¦ 	ES	0.0	Neutral
no i dont wanna hear u out /j 	ES	-0.296	Negative
I think I'm gonna *passes out* /j /jRemember, if you have bed bugs, sleep on the floor!Good night!	ES	0.0	Neutral
 Who doesnâ€™t?	ES	0.0	Neutral
ğŸ¤¾â€â™€ï¸ Juvenil Femenino Sector Estatal J.2ğŸ†š  28 - 25 #âƒ£ #yovoyalvictorcabedoâ€¦ 	ES	0.0	Neutral
_ManPrime21 Where stand  and . Â¿Palestinian lives don't matter because they're not American or Black?	ES	-0.0191	Negative
 No more gently hold &gt;:(( /j /j 	ES	0.2716	Positive
ğŸ¦‡ CONVOCATORIA Jâ€¢82ï¸âƒ£Âª FASE #RetoIberdrola #LaSolanaVCFfemB âš”ï¸#AmuntVCFfem  	ES	0.0	Neutral
David Lynch by P. J. Wright....#davidlynch #twinpeaks #art #instalike #photography #picoftheday #photoofthedayâ€¦ 	ES	0.0	Neutral
 tsss  /j miss u ky &lt;3	ES	-0.1531	Negative
 PROTAGONISTAS Jâ€¢30 |#VCFfemRealBetis 1ï¸âƒ£âš”2ï¸âƒ£âš½ï¸ Escucha las declaraciones completas de _97 1ï¸âƒ£9ï¸âƒ£ este eâ€¦ 	ES	0.0	Neutral
Small, creative, autonomous teams using an iterative approach to software development really works. That has been dâ€¦ 	ES	0.4404	Positive
   J Balvin	ES	0.0	Neutral
 The real J.B had a sinister demeanour &amp; was a piece of work &amp; a racist. This one is a clown ğŸ¤¡	ES	-0.836	Negative
 _j_foster     â€¦ 	ES	0.0	Neutral
BTS Digital Cover: J-Hope on Growing Up in BTS, Next Mixtape, and More â€“ Rolling Stone 	ES	0.1779	Positive
_uwu  What do you mean we know it is a huge /srs (/J /J)	ES	0.3182	Positive
  Ohhhhh look guys Ender is getting nervous ï¸ï¸Just say that you like him, is not thatâ€¦ 	ES	0.1027	Positive
  JUST ADMIT ITYOU LIKE HIM /J /( )J(!$(#((#((#	ES	0.7234	Positive
  no way this is literally you! /J /J /J	ES	-0.3595	Negative
 hello hello welcome!!and waffles mmmmmmm gimme one ï¸ï¸ /j	ES	0.0	Neutral
First step done. Moderna is inside me. Do your work, honey! #pandemicsfight #sanitatpublica 	ES	0.0	Neutral
 Do developing countries have sufficient cold chain requirements to store Moderna and Pfizer?	ES	0.0	Neutral
 _UK Awful posturing by Patel, just to grab a photo opportunity to please Johnson and his cronies. Wâ€¦ 	ES	0.2732	Positive
Si me lo dice dwayne johnson yo me calmo 	ES	0.0	Neutral
 I think a 3 of Mighten Johnson and Lolley behind a striker that can also create a goal would be fineâ€¦ 	ES	0.2732	Positive
 have been found by an Ind body to have failed in the Diana interview. Add this to Jimmy Saville and thâ€¦ 	ES	-0.5106	Negative
_JAWS Johnson needs to get that rising damp sorted out first.I'm quite happy to do it, Â£15m should coverâ€¦ 	ES	0.6115	Positive
 If only those journalists, Gove and Johnson, had listened to your wise advice and not gone on to atâ€¦ 	ES	0.4767	Positive
 Has politics turned into â€œChanging Roomsâ€? First itâ€™s wallpaper for Johnson, now itâ€™s curtains for Starmer.	ES	0.0	Neutral
I find setting intentions to be a very powerful daily practice and thank my show guest Jessica McGregor Johnson forâ€¦ 	ES	0.6801	Positive
 I'm English, I teach English to young Spaniards, here in Spain. Have to say how much I love your book (â€¦ 	ES	0.6369	Positive
Earvin 'Magic' Johnson, Michael Jordan, Larry Bird, David Robinson, Patrick Ewing, Karl Malone, Charles Barkley, Jâ€¦ 	ES	0.0	Neutral
  She said it was a slur on the government, it's only a slur if it isn't true.Johnsonâ€™s lonâ€¦ 	ES	0.0	Neutral
Ministers in â€˜ferocious rowâ€™ over Australia trade deal - follow live  	ES	0.0	Neutral
Nurse who cared for Boris Johnson resigns over â€˜lack of respectâ€™ for NHS workers  what you sow, Boris...	ES	0.128	Positive
 Sorry I was talking about Johnson....I think you are an excellent MP!	ES	0.5707	Positive
  That why I said â€˜local lockdowns â€˜ rather than country lockdown a week ago.Its worked inâ€¦ 	ES	0.0	Neutral
   Bloody loony right! Meeting with their paramilitary friends.Senioâ€¦ 	ES	-0.4926	Negative
Possibly I'm wrong - it wouldn't be the first time - but weren't johnson, gove,  and many otâ€¦ 	ES	-0.2617	Negative
  ğŸ¤£ I just thought what you said, fester unchallenged under Corbyn, the most challenged opposâ€¦ 	ES	-0.1761	Negative
  Ah, but you see, Johnson's isn't shameful racism. It's shameless.	ES	0.6987	Positive
  Hey, I found a pic of how much johnson cares for you.  Like it? 	ES	0.6705	Positive
 Just the same old incompetence from PM Johnson and his cabal of a corrupt government. More â€˜dither andâ€¦ 	ES	-0.5106	Negative
 Dear Alan, you may not have noticed but the UK govt *agreed* the deal. This was a govt that said No Dealâ€¦ 	ES	-0.25	Negative
  You been talking to Johnson	ES	0.0	Neutral
 Irâ€™s not that Johnsonâ€™s fans say he is doing his best; itâ€™s that they think that excuses his incompetencâ€¦ 	ES	0.6369	Positive
Boris Johnson flew by helicopter to promote bikes as a green transport. Is he just not bright enough to see the coâ€¦ 	ES	0.05	Positive
  The lesson is that falls in cases of Covid resulted from the proliferation of articles froâ€¦ 	ES	0.0	Neutral
 Just the normal â€˜Dither and Delayâ€™ from PM Johnson, causing 1,000s more unnecessary deaths.	ES	0.0	Neutral
Week in Review: The blame for the Indian variant lays at Johnson's door -  	ES	-0.34	Negative
   Dither and Delay, causing 10s of 1000s of unnecessary deaths is normal behaâ€¦ 	ES	-0.3182	Negative
Half modernized and waiting for the second jab! 	ES	0.0	Neutral
_Sciences  2nd jab coming on Tuesday	ES	0.0	Neutral
" I can believe it was a genuine conversation (the joke was ""jab from a friend...""). Getting the jab can noâ€¦ "	ES	0.296	Positive
 I was being facetious and playing with the ambiguities of the English language for my childish amusement.â€¦ 	ES	-0.1027	Negative
 And if it wasn't the friend who was administering the jab?	ES	-0.3875	Negative
_MP  He lies yet again! 6 x of the hospitalisations in Bolton hospital have had one jab! Bâ€¦ 	ES	-0.5242	Negative
 Prize for a line is a designer face mask. Get a Full House and get a 3rd booster jab. #CovidVariantBingo 	ES	0.5106	Positive
 Yes, 2nd dose a week tomorrow.  3 weeks after the initial jab	ES	0.4019	Positive
 Heâ€™s pretending to be empathetic &amp; thatâ€™s impossible for a psychopath. In reality heâ€™s allowing theâ€¦ 	ES	0.4767	Positive
 _kr did u have any problems with the first jab	ES	-0.4019	Negative
_kr Weve not even had first jab yet. I think when spain does let anyone in it's still a test to get in..oneâ€¦ 	ES	0.0	Neutral
 Let's hope so! Maybe the ETH ETF will have the same effect if it gets approved first..	ES	0.7177	Positive
    Says coinbase who sold xrp, then suspended, but used the xrp profits to deâ€¦ 	ES	0.4215	Positive
_hynes  If xrp is a security, coinbase could not have sold xrp. Coinbase should not have made proâ€¦ 	ES	0.34	Positive
 Question: if xrp will be deemed  a security, was coinbase (other exchanges usa) then allowed to seâ€¦ 	ES	0.34	Positive
going for pfizer #2 this p.m.	ES	0.0	Neutral
CONFIRMED: Spainâ€™s 2 million people vaccinated with AstraZeneca will get second dose of Pfizerâ€¦ 	ES	0.0	Neutral
Study: Under-60s who received first AstraZeneca dose can safely be given Pfizer for second shotâ€¦ 	ES	0.4939	Positive
 Is it Pfizer, no usually problems.. 	ES	-0.296	Negative
 _kr Fingers crossed then. I've just had my appt come thru for Thursday and then 3 weeks after for the pfizer one 	ES	0.0	Neutral
Despite pressure from regions, Spainâ€™s Health Ministry delays decision on second AstraZeneca shotsâ€¦ 	ES	0.2235	Positive
Arterial events, venous thromboembolism, thrombocytopenia, and bleeding after vaccination with Oxford-AstraZeneca Câ€¦ 	ES	0.0	Neutral
Earlier today I received my second covid vaccine dose. These were the following side effects1. bought a statue2.â€¦ 	IT	0.0	Neutral
_1984_ The same thing for the definition of â€œvaccine â€œ on The merriam Webster website	IT	0.0	Neutral
 I've made zero claims regarding the vaccine's effect or lack there of on it.ğŸ¤·â€â™‚ï¸Maybe don't infeâ€¦ 	IT	-0.3182	Negative
 What about Banker? Govt consider it in Essential service...but vaccine?	IT	0.0	Neutral
    _f   They are vaccinating 40-4â€¦ 	IT	0.0	Neutral
I seem to have avoided the vaccine demons this time. Feel like I've gained a free day!	IT	0.7424	Positive
No, We, the filipinos should have have the right to choose what kind of vaccine will be injected to our bodies.	IT	-0.296	Negative
The #vaccine isnâ€™t just good at protecting you from #COVID19 , itâ€™s also good for your mental health.	IT	0.7003	Positive
 Sheâ€™s so healthy that the vaccine is purely a precaution  yes this is sarcasm	IT	0.6214	Positive
Vaccine first dose booked! 6 weeks to go, longing for that! Prima dose del vaccino prenotata! Mancano 6 settimane, non vedo l'ora! 	IT	-0.3111	Negative
Imagine the government is suppressing your rights to choose a vaccine you prefer. 	IT	0.0	Neutral
Covid-19 vaccine acceptance rates lower among Black US military service members military study finds. 	IT	0.2023	Positive
 Why would this program even suggest something like this! Maybe get everyone who chooses not to haveâ€¦ 	IT	0.4199	Positive
  Of course that's right, Johnston, Gove, Patel etc, spent feckin days and weeks working in a laboâ€¦ 	IT	0.0	Neutral
Debunking #COVID-19 myths: As the #weather warms, UBC #vaccine expert separates fact from fiction  via 	IT	0.2732	Positive
1 year ago me Dad was laid to rest after this horrible virus took his life. Today I get my 1st vaccine to get lifeâ€¦ 	IT	-0.628	Negative
#COVID-19 #Vaccine #Media Hub global resource for #journalists and fact-checkers, provâ€¦ 	IT	0.0	Neutral
A few countries have ordered enough #COVID19 vaccine doses to vaccinate their entire populations 3X over! Tell leadâ€¦ 	IT	0.0	Neutral
     You are aware of a thing called a 'vaccine' I take it?	IT	0.0	Neutral
  Youâ€™re a silly man thatâ€™ll never understand a different point of view. If somebody is so sâ€¦ 	IT	0.0258	Positive
Eric Clapton hits out at 'propaganda' over vaccine safety  via 	IT	0.4215	Positive
While weâ€™re enjoying the beginning of the end, among vaccinated families and friends, many nursing homes remain incâ€¦ 	IT	0.7579	Positive
"""First World"" Vaccine Distribution Numbers  "	IT	0.0	Neutral
"""...going to hell since I got the vaccine..."" "	IT	-0.6808	Negative
As a footnote to the raging debate on suspending vaccine patents, one might ask â€œwhich patents exactly would you suâ€¦ 	IT	-0.5267	Negative
My interview on Health Euo3pe quaterly #coldchain #vaccine â¡ï¸  	IT	0.0	Neutral
Eh? I don't HAVE 'VACCINE HESITANCY'. I won't be having 1. Final. And my brain needs the oxygen I breathe in, so Iâ€¦ 	IT	0.0	Neutral
"""The United States has beaten the variants, for now."" by BY CARL ZIMMER AND APOORVA MANDAVILLI via NYT #scienceâ€¦ "	IT	0.0	Neutral
 Thereâ€™s a difference between getting a vaccine thatâ€™s been out for years/decades and has been thorougâ€¦ 	IT	0.0	Neutral
_bullen And those who cannot take the vaccine? What of them?Not your problem either?	IT	-0.5007	Negative
_bullen _mom This is not me questioning vaccine efficacy. That's a given as far as I'm concerned.Thiâ€¦ 	IT	0.0762	Positive
"""Hereâ€™s how the United States beat the variants, for now."" by BY CARL ZIMMER AND APOORVA MANDAVILLI via NYTâ€¦ "	IT	0.4215	Positive
 Honestly its getting depressing now, at what point do we put faith in the vaccine ? Enough is enough.	IT	0.4939	Positive
 Vaccine does nothing I'm aware of in terms of protecting from contact infection and spread.It's myâ€¦ 	IT	0.0	Neutral
 The masks stop or lessen the chance that people will be a host for the virus as it spreads and mutatâ€¦ 	IT	-0.0516	Negative
  Itâ€™s really funny how conservatives freak out over these imaginary vaccine mandates.  Weâ€™ve alâ€¦ 	IT	0.0754	Positive
"""After the pandemic, will more Americans wear masks for colds and flu?"" by BY DANIEL VICTOR AND MIKE IVES via NYTâ€¦ "	IT	0.0	Neutral
Getting my first dose of vaccine	IT	0.0	Neutral
Makers Keepers: What can we learn from listed vaccine makers 	IT	0.0	Neutral
  Because the risk of the getting the vaccine is greater than the risk of catching covid.	IT	-0.1779	Negative
  Maybe the unvaccinated should wear masks so they donâ€™t catch our shed vaccine.	IT	0.0	Neutral
getting my vaccine on friday im so nervous	IT	-0.4101	Negative
 Too bad the vaccine doesnâ€™t microchip us.  Could really resolve our problems.	IT	-0.553	Negative
 You're welcome. Btw, the side effects of a mask are nothing. The effects of ignoring smallpox vaccine wasâ€¦ 	IT	0.0772	Positive
 @_Peter_O  Sounds good.Just give me my tax money back that was wasted in the vaccine.	IT	-0.4939	Negative
  I guess because proning does have complications. Itâ€™s a life-saving treatment, especially iâ€¦ 	IT	0.0	Neutral
Artusio, F.,CastellvÃ­, A., Pisano, R., Gavira, J.A.Tuning transport phenomena in agarose gels for the control of pâ€¦ 	IT	0.0	Neutral
  _Kate   Happy Friday J â˜ºï¸ Thatâ€™s my experience too! People have noâ€¦ 	IT	0.6114	Positive
#Ú¯ÙˆÙ†Ø¯Ù„_Ú¯Ø±ÙˆÙ¾Actv FB Team  _i_d _6r _mh0  _059_R9292â€¦ 	IT	0.0	Neutral
#Ø§Ù‚Ø¨Ø§Ù„_Ù¾Ø±ÙˆÙ…ÙˆØ´Ù†Actv   _i_d _6r _mh0  _059_R9292_8â€¦ 	IT	0.0	Neutral
J Cole has 24 hours to answer 	IT	0.0	Neutral
@_j_o_c_k_ I live youuuuuu i want to be your slave.... 	IT	0.0772	Positive
   _slayyy   He's an idiot lol can't believe he shares my name	IT	-0.3374	Negative
Check out this listing I just added to my #Poshmark closet: J. Crew Red Leather Pointed Toe Tassel Flats 10.â€¦ 	IT	0.0	Neutral
#NowPlaying The place I left my heart (feat. Katie J), my latest song#AppleMusic :  	IT	0.0	Neutral
possibly the last one for Buffon âšªï¸âš«ï¸  _isola79 	IT	0.0	Neutral
TO ALL MASON-WATCHERS. Feeling down? This amazing guy ALWAYS cheers me up. What IS gematria? Don't miss.â€¦ 	IT	0.8299	Positive
 Iirc J K is a City Pop enthusiast, and if you go further down in the comment section, there's him râ€¦ 	IT	0.3612	Positive
#NowPlaying The place I left my heart (feat. Katie J), a song by Peter Hamer#AppleMusic :  	IT	0.0	Neutral
_j Heavy is the crown	IT	0.0	Neutral
"NEW FULL-TEXT: ""Aggregation of biological particles under radial directional guidance"" by Bica, I.; Hillen, T.; Paiâ€¦ "	IT	0.0	Neutral
 _j Isn't Dave amazing?!	IT	0.0	Neutral
My first time listening to the J Cole Album and the first song is a classic	IT	0.0	Neutral
#NowPlaying The place I left my heart (feat. Katie J), my latest song#Spotify :  	IT	0.0	Neutral
 Loli J world	IT	0.0	Neutral
@_j_o_c_k_ I want your protein mmmmmm please	IT	0.3818	Positive
@_j_o_c_k_ I love you 	IT	0.6369	Positive
Mumble Talks 18 May16:00-18:00 (CEST)JOIN:  27SFcWâ€¦ 	IT	0.0	Neutral
#NowPlaying The place I left my heart (feat. Katie J), a song by Peter Hamer#Spotify :  	IT	0.0	Neutral
"NEW FULL-TEXT: ""Installation of fuel cell-based cogeneration systems in the commercial and retail sector: Assessmenâ€¦ "	IT	0.0	Neutral
"NEW FULL-TEXT: ""Global solvability and explicit bounds for non-local adhesion models"" by Hillen, T.; Painter, K. J.â€¦ "	IT	0.0	Neutral
"NEW FULL-TEXT: ""A chemotaxis model of feather primordia pattern formation during avian development"" by Painter, K.â€¦ "	IT	0.0	Neutral
Most charming shill. To Mason-watchers! _j you'll like this. CONTEMPORARY HOAX. Get it?On Lady Bacon. Sâ€¦ 	IT	0.6189	Positive
__T hurry up then/j	IT	0.0	Neutral
Expressions, 'inside job', and 'false flag', are sure signs of a shill. Both phrases imply false witness to death.â€¦ 	IT	0.3182	Positive
#NowPlaying The place I left my heart (feat. Katie J), my latest song#BandCamp :  	IT	0.0	Neutral
       _The_Demonâ€¦ 	IT	0.0	Neutral
_lovve _ne_kosua _J Babe	IT	0.0	Neutral
_ne_kosua _J _lovve Shut up	IT	0.0	Neutral
_ne_kosua _J En this _lovve she no Get bestie	IT	-0.296	Negative
_ne_kosua _J Which woman	IT	0.0	Neutral
#NowPlaying The place I left my heart (feat. Katie J), a song by Peter Hamer#BandCamp :  	IT	0.0	Neutral
_Sinawe       _The_Demonâ€¦ 	IT	0.0	Neutral
Now on air: Down and Out In New York City by James Brown Listen online at  Buy songâ€¦ 	IT	0.0	Neutral
       _jâ€¦ 	IT	0.0	Neutral
   _ekz      _turgenevaâ€¦ 	IT	0.0	Neutral
      _The_Demon _inklingâ€¦ 	IT	0.0	Neutral
 _ManPrime21 How about giving the Palestinians the same right as others. Living in apartheid is not thâ€¦ 	IT	0.34	Positive
Science &amp; More Talks 19 May12:00-13:00 (CEST)JOIN:  	IT	0.0	Neutral
_ _J_a_w_a_d    Aishwarya lost film just with srk cause he decided tâ€¦ 	IT	-0.3182	Negative
_ _J_a_w_a_d    Crap... Pryanka was outcast from. Bw because of gaurâ€¦ 	IT	0.0	Neutral
How is that new j cole ?	IT	0.0	Neutral
 Amen.	IT	0.0	Neutral
 The lists goes on of course. J_peg as well, zesty Jesus ecc... And btw in the OG wave you missed people like Ardy and HiGPS.	IT	0.34	Positive
_j (Grossman's is on Spadina. It's Chinese.)	IT	0.0	Neutral
_j this is THE BEST ONE! Merry Christmas! Few will see what we see..	IT	0.8755	Positive
'Good evening. Here is The News.' IMO looks better than Gaza. Amazing Bekonscot. (Next to the film studio, since 19â€¦ 	IT	0.8625	Positive
ALERT! 'STORY' means JUST THAT. See _j NEVER watch 'News' with emotions engaged: you'll see nothing butâ€¦ 	IT	0.7118	Positive
_j Beconscot of the East?! LOVED this place, as a child! There were tiny people I loved! Ha! Plus ca chaâ€¦ 	IT	0.9201	Positive
_j I knew you'd want to know.	IT	0.0772	Positive
_j My blood is boiling... x	IT	0.0	Neutral
SEE FROM 50 MINS. Looks like PROJECT BLUEBEAM. Also looks LIKE 'WAR OF THE WORLDS'. LISTEN TO DESCRIPTION IN ORSONâ€¦ 	IT	0.0258	Positive
Dave J's excellent work on war psyops is under constant attack by transgender discreditation shills. Agent Fetzer hâ€¦ 	IT	-0.5106	Negative
 Like how is j coles music that annoying bro if anything its boring 	IT	-0.3612	Negative
Google, partnership con SpaceX per lâ€™internet satellitare Starlink 	IT	0.0	Neutral
_j Anytime. x	IT	0.0	Neutral
J.Cole never disappoints.	IT	0.2924	Positive
"#NowPlaying ""Mohai Experiment - Fighting for J.""#AppleMusic :  :â€¦ "	IT	-0.3612	Negative
Laughing at all u smug j cole haters who are gonna have to lie thru your teeth and say this album is bad because yoâ€¦ 	IT	-0.4019	Negative
funny how yâ€™all mfs will do anything to fit in, see so many mfs like if you arenâ€™t listening to j cole we arenâ€™t friends 	IT	0.8824	Positive
   One of Ate J's story po kasi ay medyo relate po sa friend niya. Yung story pâ€¦ 	IT	-0.6124	Negative
Man that J cole 100 mil ğŸ¤¯sheesssshhhhhh	IT	0.0	Neutral
This is new, my darling, _j.  I thought of you. Some interesting stuff. x	IT	0.7579	Positive
Media theory video, on Archive. Graphic, as any investigation of alleged war propaganda has to be. If you're triggeâ€¦ 	IT	-0.7096	Negative
Timbaland is one of the producers of the J Cole album. Canâ€™t wait to hear the magic he created with the leader of the new school.	IT	0.25	Positive
Pfizer and Moderna jabs may help guard against next coronavirus pandemic 	IT	0.4019	Positive
 _matchett Do you have the figures for Boris Johnson's England?	IT	0.0	Neutral
 Magic johnson	IT	0.0	Neutral
 Boris Johnsonâ€™s morals.	IT	0.0	Neutral
  I agree itâ€™s awful Angus....but the immediate problem isnâ€™t Boris Johnson, itâ€™s the SNPâ€¦ 	IT	-0.4939	Negative
Boris Johnson appears to have gone home and prepared for #ScottishIndependence Nice. 	IT	0.5719	Positive
  UK has the highest number of Indian variant cases in the world outside of India Johâ€¦ 	IT	0.0772	Positive
  Pretty much every year since...ever. Excluding those years when Kemba was playing like Prime Magic Johnson.	IT	0.7579	Positive
Now on air: Get The Funk Out Ma Face by Brothers Johnson Listen online at  Buy songâ€¦ 	IT	0.0	Neutral
 Trust &amp; competence aren't hollow cliches, they're the difference between Starmer &amp; Johnson.'Treat votersâ€¦ 	IT	0.5106	Positive
EC playing Robert Johnson â¤ï¸ 	IT	0.2023	Positive
 See Dave Johnson, on Vietnam.	IT	0.0	Neutral
Now on air: Ain't We Funkin' Now by Brothers Johnson Listen online at  Buy songâ€¦ 	IT	0.0	Neutral
Yet another mistake by Johnson 	IT	-0.34	Negative
       _1 Whâ€¦ 	IT	0.0	Neutral
"  ""the English broadcaster criticised Nicola Sturgeon's reception of Prime Minister Boris Johnsonâ€¦ "	IT	-0.4215	Negative
Because Boris Johnson traded lives for a trade deal? 	IT	0.0	Neutral
Dwayne Johnson Gets Us Ready for Disneyâ€™s â€˜JungleÂ Cruiseâ€™ 	IT	0.3612	Positive
 There are currently nine investigations into sleazy Johnson.	IT	0.0	Neutral
 Whatâ€™s your obsession on banning everything, smoking outside, junk food, banning people who havenâ€™tâ€¦ 	IT	-0.34	Negative
    Over 35â€™s in England can get the jab next week. Meanwhile in Dâ€¦ 	IT	0.0	Neutral
 Approved! 	IT	0.4753	Positive
 approved!	IT	0.4753	Positive
  This was community action. An act of solidarity and internationalism in defence of the pâ€¦ 	IT	0.3818	Positive
The government who yesterday approved 600, did not know Glasgow would stay in Tier 3? Aye right 	IT	0.4215	Positive
US-Israel Affairs: Bombs for $735mln &amp; Pfizerâ€™s Vaccines for $2,1bn. Thatâ€™s why Biden protects Bibiâ€™s War 	IT	-0.3818	Negative
 Agree Plus they fell behind with their vaccination program because Astra zeneca failed to deliver the numbeâ€¦ 	IT	-0.2023	Negative
If any areas of Scotland move back into level 3 or 4 then itâ€™s a failure of the Scottish government and their vacciâ€¦ 	IT	-0.5106	Negative
 They say you canâ€™t refuse a vaccine if you are a health providerâ€¦what about ethics,clinical knowledâ€¦ 	IT	-0.296	Negative
8 women a day are diagnosed with cervical cancer in UK.2 women a day die of cervical cancer in the UK.HPV is alwâ€¦ 	IT	-0.9287	Negative
What might COVID vaccines look like in the future?'s Chief Scientist  told us on our expert paneâ€¦ 	IT	0.3612	Positive
Maryland to offer COVID vaccine lottery incentive with $2 million in cash prizes - Baltimore Sun 	IT	0.6705	Positive
Altro che lotteria degli scontrini ... Maryland launches $2 million lottery for vaccinated residents - The Washingâ€¦ 	IT	0.0	Neutral
Kerem how does it work in Turkey?  Did you and Hande manage to sign up for the vaccine?  â€¦ 	IT	0.0	Neutral
My age group for a vaccine opens up in the next couple of hours in Tuscany, &amp; yes Iâ€™ll be refreshing the page likeâ€¦ 	IT	0.4019	Positive
Big change that could make it easier for small clinics to get vaccine doses 	IT	0.4215	Positive
If the British gov don't recognise vaccine passports, vaccinated tourists wanting to visit the uk this summer willâ€¦ 	IT	0.0	Neutral
Have COVID vaccine, will travel: These are the countries open to fully vaccinated Americans  	IT	0.0	Neutral
"The Measles Vaccine Prevents Measles and ""Immune Amnesia"" Which Can Leave Children Open For Other Infectious Diseasâ€¦ "	IT	0.3182	Positive
As #COVID19 continues to surge in #India, faith-based organizations are working to bring relief to the struggling câ€¦ 	IT	0.0772	Positive
WHO issues its first emergency use validation for a COVID-19 vaccine and emphasizes need for equitable global accesâ€¦ 	IT	-0.3818	Negative
THL: Finland holding off using J&amp;J Covid vaccine | Yle Uutiset |   	IT	0.0	Neutral
 Be wearyâ€¦Vaccine police â€â™€ï¸ might be alerted and they would surely come armed with a dose and jab you	IT	0.4404	Positive
The first tourists involved in the #SanMarino's initiative for #vaccination #tourism, where people who stay overnigâ€¦ 	IT	0.0	Neutral
 Any reference I made to COVID deaths and vaccine incidents obviously considers known people ONLYâ€¦but needlâ€¦ 	IT	0.0	Neutral
Covid vaccine: 96% of Britons develop antibodies after one jab, study finds 	IT	0.0	Neutral
_hough  Some selection here at L'angelo del mare near Fiorentina's stadium. A lovely meal pre-â€¦ 	IT	0.5859	Positive
Yâ€™all canâ€™t ask for freedom with masks? â€œSome ppl only protest when it affects there groupâ€ sounds about right whenâ€¦ 	IT	0.4939	Positive
I donâ€™t want to get the covid vaccine because the needle hurts	IT	-0.4215	Negative
 yeah, my experience was precovid, I was thinking about going in the summer if I can get the vaccineâ€¦ 	IT	0.296	Positive
Anti-vaccine posts on Facebook, Instagram and Twitter could be banned under new UK laws | The Independent | The Indâ€¦ 	IT	-0.4588	Negative
Tuscan news: vaccine registration available for those in their 40's but the appointments are for Juneâ€¦ 	IT	0.0	Neutral
My friends make my feel like a crimminal. Due to me not wanting the #vaccine'Play your part' Get vaccinated to beaâ€¦ 	IT	0.6808	Positive
  Your vaccine is not a preventative, yet their mask guidelines have been lifted. Accordingâ€¦ 	IT	0.0	Neutral
 Yeah the come back is F off!! Iâ€™m vaccinated. I understand those that are unvaccinated, there more thaâ€¦ 	IT	0.4184	Positive
 â€œHi, Iâ€™m here for my free donut, I got my vaccine today.â€ 	IT	0.5106	Positive
The Signs, Symptoms, and Prevention of Mumps â€“ Is the MMR / Mumps Vaccine Safe?...VIEW TIPS...â€¦ 	IT	0.0	Neutral
Do you think a side effect of the vaccine is nose bleeds...?	IT	0.0	Neutral
 Iâ€™m so sorry to hear that , I hope you will have the vaccine soon , I have the inverse problematic,â€¦ 	IT	0.3197	Positive
What a joke #IndianVariant versyz  #vaccinated Dithering summer #unitedkingdom #SundayThoughts This vaccine may noâ€¦ 	IT	0.1779	Positive
 It doesn't make sense also because the vaccine will only grant immunity for a few months, it's not likeâ€¦ 	IT	0.3612	Positive
Covid Live News Tracker: C.D.C. Mask Guidance, Cases and Variants - The New York Times 	IT	0.0	Neutral
Post vaccine shivers incoming. Mpf. Well... at least I am not working today.	IT	0.0	Neutral
vaccine is in june yâ€™all 	IT	0.0	Neutral
Gli incentivi per vaccinarsi stato  per stato (US) #vaccinoHere Are The Vaccine Incentives Being Offered In Eâ€¦ 	IT	0.3182	Positive
 â€œFailure to vaccinateâ€ makes headlines.â€œVaccine failureâ€ doesnâ€™t.ğŸ¤·â€â™‚ï¸And, people donâ€™t question...	IT	0.0	Neutral
 After all the stuff I've seen this past year, I trust absolutely no one. Working in a shop deemed esseâ€¦ 	IT	0.204	Positive
  My family doctor already proposed the same for tetanus vaccine, so I hope it will be tâ€¦ 	IT	0.5777	Positive
One Third of Tuscans Now Vaccinated  	IT	0.0	Neutral
getting a vaccine in italy literally feels like trying to win the lottery 	IT	0.743	Positive
   Exactly - the deaths will be low because they've already trialed that. What hasâ€¦ 	IT	-0.2732	Negative
  Congrats. Hope you didn't have any side effects.	IT	0.743	Positive
 I have never taken much of anything.And now I am on antidepressants for the first time, and I am nâ€¦ 	IT	0.0	Neutral
 Good luck! Bio tech scares me with approval processeses, a danger of some side effects being discoverâ€¦ 	IT	0.5411	Positive
 Side effects are more frequent in youngest people than elderly! The second dose gifted me one of theâ€¦ 	IT	0.0	Neutral
 hopefully you experience all the side effects	IT	0.4019	Positive
  _bertolotti yes it is, a few public centres listed here:  	IT	0.4019	Positive
Just for let you know, if you're gonna vote for San Marino tomorrow, don't interact to me ever again/j	IT	0.0	Neutral
_freedom _A_SaltyDeez _huff Umm.. what? Russia is the easternmost country in asia after islands of phliâ€¦ 	IT	0.0	Neutral
   _hillbill    â€¦ 	IT	0.0	Neutral
"""The Hunting Season more than lived up to my expectations and I sincerely hope there is another case for Daniel aloâ€¦ "	IT	0.7184	Positive
       _tweetsâ€¦ 	IT	0.0	Neutral
_mclean  Hi A.J.â¤	IT	0.0	Neutral
_lemontree They are dead	IT	-0.6486	Negative
_lemontree Unfortunately there are only two left	IT	-0.34	Negative
       _tweets â€¦ 	IT	0.0	Neutral
     _tweets  â€¦ 	IT	0.0	Neutral
_lemontree Fortunately not	IT	0.0	Neutral
_lemontree It can be creepy to have him behind the house	IT	0.0	Neutral
out to  â¦_kal_â© for including GEORGIA- Deployable Mental inside last Emotional Landscapes via â¦ â¦â€¦ 	IT	0.1531	Positive
"Tomorrow, May 20th at 3.30 pm (CEST), Prof. EMILY BRADY on ""Aesthetics, Ecology and Climate Change. A Philosophicalâ€¦ "	IT	0.0	Neutral
#MainaAndKingangi each tear Mary J   	IT	0.0	Neutral
Standing ovation. #unapezzadilundini	IT	0.0	Neutral
_j Fallen in love!!	IT	0.508	Positive
 nvm im not gay /j	IT	0.0	Neutral
 Wait I don't know if there are many characters who start with P lmao. Have J if you can't think of any	IT	0.5994	Positive
Experimental portrait of tv host Paolo Notari #hipstamatic #doubleexposure #tintype #paolonotari #unomattinaâ€¦ 	IT	0.0	Neutral
 Let's get physical . Olivia N. J.	IT	0.0	Neutral
 Hey Ken - any update if FF will extend the dates? Iâ€™m looking only for J+J for when Iâ€™m home from Europeâ€¦ 	IT	0.6408	Positive
Alcuni brani di J. Homme:No One Knows:  It Wit Chu:  With Thâ€¦ 	IT	0.0	Neutral
"wowo thanks to _OKk for including GEORGIAÂ´s ""Method of Loci"" inside her last breakbeat-dream-ish mix for &lt;&lt;&lt;&lt;â€¦ "	IT	0.4404	Positive
Itâ€™s easy to get a pic of Jesy and put so much light to make her look lighter. SHE IS WHITE, but her tone is not paâ€¦ 	IT	0.2382	Positive
Really happy that our paper on the economic effects of Covid-19 was selected as one of the winners! (latest versionâ€¦ 	IT	0.8118	Positive
 Playback speed x 1.5 and I can picture Michigan J. Frog singing these	IT	0.0	Neutral
_beg8 Dici in my Life di j cole?	IT	0.0	Neutral
_League_En #myJLEAGUEkit what I love about JLeague? Everything, the games, the culture, the passion, the fans, thâ€¦ 	IT	0.802	Positive
_intheuk thank you! 	IT	0.4199	Positive
     _su  â€¦ 	IT	0.0	Neutral
_J_Krause Mr. President, may you ask to  if he come back to #ParmaCalcio?Thank you very much 	IT	0.0	Neutral
Statement by Secretary Antony J. Blinken on the Continuing Atrocities and Denial of Humanitarian Access in Ethiopiaâ€¦ 	IT	0.0	Neutral
"When I was a little girl, I went crazy for ""Beat it"" (Michael J.Jackson), without any specific reason. As I grew upâ€¦ "	IT	-0.2815	Negative
"15/05/1990.5Â° album solista per R.J. DIO: ""Lock Up The Wolves"".Wild One:  Angel:â€¦ "	IT	0.0	Neutral
Next Thursday,Â May 20th, at 3.30 pmÂ (CEST),Â Prof. EMILY BRADY (Texas A&amp;M)Â will give a talk on â€œAesthetics, Ecologyâ€¦ 	IT	0.0	Neutral
 Nuuu my love ğŸ¥ºmy spell will make you feel better ã€€â €âˆ§ï¼¿âˆ§ã€€(ï½¡ï½¥Ï‰ï½¥ï½¡)ã¤â”â˜†ãƒ»*ã€‚ã€€âŠ‚ã€€ã€€ /ã€€ã€€ ãƒ»ã‚œ+.ã€€ã—ãƒ¼ï¼ªã€€ã€€ã€€Â°ã€‚+ *Â´Â¨)	IT	0.7964	Positive
 Oomf I want to hang out with or the last one /j	IT	0.0772	Positive
"""J"" mixtape by  Design by  "	IT	0.0	Neutral
_lemontree  I embroidered this myself, I like manual work 	IT	0.3612	Positive
 _lemontree I made a sweater once, I also worked with with crochet	IT	0.0	Neutral
 _lemontree I avoid doing it when I can, a pain in the assğŸ¤ª	IT	-0.6705	Negative
 _lemontree Just needed it, just finished sewing the hem on some trousers.... hate the fucking sewing machine	IT	-0.5719	Negative
"   ""Emissions released by the machines hurt air quality, high-decibelâ€¦ "	IT	-0.5267	Negative
A new issue of LA RIVISTA DEL NUOVO CIMENTO on TSUNAMI HAZARD AND WARNING is available open access:â€¦ 	IT	-0.4824	Negative
_j Have fun with Returnal...and Daemon Souls...I got VR too	IT	0.5106	Positive
_j Pc is the way to go, so you can use PSNOW, you can play soon all ps exclusives and you can play all xboxâ€¦ 	IT	0.5859	Positive
_j Xbox is useless, Switch even more, PS5 is useless right now it will be good in 2025	IT	-0.4019	Negative
In pts without HF, worse biatrial function, lack of LA functional reserve, and worse LV diastolic function were assâ€¦ 	IT	0.423	Positive
Keep grinding your life can change in one year ,and even though itâ€™s dark out the sun is shining somewhere -J Cole	IT	0.0	Neutral
Hey, check out this cool site I found:  #Topic via_twitter_name 	IT	0.3869	Positive
"_M_Johnson ""$1 per month increase for solid waste services to introduce yard waste carts."" Replacing current hâ€¦ "	IT	-0.4019	Negative
#realtime #NowPlaying The Brothers Johnson Funk It (Funkadelala) &lt;&lt;Listen here&gt;&gt;  	IT	0.0	Neutral
 Johnson pumps out lies quicker than an automatic tennis ball machine on hyperdrive.	IT	-0.4215	Negative
Sycophantic Tory back-benchers standing up to invite Johnson to come and plant trees or have Breakfast at a cafe inâ€¦ 	IT	0.1531	Positive
 More pertinently, Johnson's failure to place India on the Red list much earlier has enabled the introducâ€¦ 	IT	-0.552	Negative
"""I was so flattered that Katarina invited me to be on her show. She is so knowledgeable and active in the industry.â€¦ "	IT	0.7453	Positive
 _UK As was the case with Italy in early March 2020, when repeated warnings from Italian authoritiesâ€¦ 	IT	-0.296	Negative
A rainy evening... Mag Johnson photography 	IT	-0.0772	Negative
 A donkey blowing a trumpet could make Johnson look like an amateur.	IT	0.3612	Positive
4. Only 1 conclusion to draw. This London Gov will continue to privilege GB Brexit over the most vulnerable part ofâ€¦ 	IT	0.079	Positive
 Johnson is a philistine!	IT	0.0	Neutral
U.K. did not want a deal in financial services because they would have to follow EU rules-not a power crap just Breâ€¦ 	IT	-0.4257	Negative
calling it now Dwayne Johnson gon take a major political position in the next decade, Arnold style	IT	0.0	Neutral
" Headline:""What's causing the spike in Covid on Bolton?"" Article:""No one knows for sure how this spikeâ€¦ "	IT	0.3182	Positive
The irony of listening to Johnson spaffing on about the increased risk posed by the Indian Sars-Cov-2 variant is prâ€¦ 	IT	-0.0516	Negative
Keep the prospect of freedom always on the horizon - an illusory line that recedes as you approach it; and so the gâ€¦ 	IT	0.7506	Positive
 Imperial College urged Johnson to put India on the Red list on 16 April, warning that failure to doâ€¦ 	IT	-0.6908	Negative
 Before taking a jab that is not approved but only authorised through very obscure procedures, suffiâ€¦ 	IT	-0.1695	Negative
 I am a  self employed pharmacist and have worked 6 days a week in several pharmacies over the last 14 montâ€¦ 	IT	0.0	Neutral
I donâ€™t believe in soulmate but kya but? Jab believe nh h toh rehne dy nah behn uspe 4/4 reels banaâ€™ne ki kya zarrorat hai?	IT	0.7587	Positive
 had a very smooth visit at the modern school location. Very helpful and friendly staff, inspite ofâ€¦ 	IT	0.762	Positive
2nd jab. Let's move on. 	IT	0.0	Neutral
Got the jab!! If itâ€™s Astrazeneca did I still get the Microsoft chip?	IT	0.0	Neutral
Getting jab 1 in a couple of minutes.  Happy. 	IT	0.5719	Positive
 Honestly I think they only have 50% or lessâ€¦I heard 30% and only 3% go for their second jab in the states.	IT	0.4588	Positive
 _Estera  Meanwhile, many of us Italians are still waiting for the jab. Despiteâ€¦ 	IT	0.0	Neutral
 FDA approved drug for 65 years. Ridiculous.	IT	0.0772	Positive
#ippon #approved #myking #judoka #judo by #MrMaghe #fb Page #judokaitaliani 	IT	0.0	Neutral
Swiss Refugee Aid/SFH's point of view, the approved admission of 800 particularly vulnerable refugees is not enoughâ€¦ 	IT	0.1548	Positive
The EU has agreed to reopen its borders to visitors who have been fully vaccinated with an approved shot and to thoâ€¦ 	IT	0.5994	Positive
#ippon #approved #judoka #judo by Maghe #fb Page #judokaitaliani 	IT	0.0	Neutral
#ippon #approved #judoka #judo by #MrMaghe #fb Page #judokaitaliani 	IT	0.0	Neutral
Luca Ward-approved   	IT	0.0	Neutral
  I love that you love her. ğŸª”ğŸ¤Your show's always full of treats and (()()) segues.Andâ€¦ 	IT	0.8555	Positive
Pfizer says 'good reason' to believe in success of anti-viral drug 	IT	0.765	Positive
#pfizer 1st today @ Palestra Medie Bazzano 	IT	0.0	Neutral
Delayed second Pfizer COVID-19 shot produces more antibodies -study* Study looked at 175 people aged between 80 anâ€¦ 	IT	-0.2263	Negative
 ASTRAZENECA THANKS !!!	IT	0.6714	Positive
Statement of the Strategic Advisory Group of Experts (SAGE) on Immunization: Continued review of emerging evidenceâ€¦ 	IT	0.0	Neutral
